Workbook

Sheet Citeste-ma
B2: eFactura RO — Generator XML pentru ANAF
B3: Versiune 3.0.0 • Licență MIT • Conform CIUS-RO 1.0.1
B5: Pentru cine este?
B6: Persoane care intră obligatoriu în RO e-Factura din 1 iunie 2026: drepturi de autor, profesori cu meditații, agricultori, alte activități independente identificate prin CNP. Acoperă și PFA, microîntreprinderi mici, neplătitori sau plătitori de TVA. Un workbook poate deservi mai mulți furnizori.
B8: Cum se folosește (în 4 pași):
B9: Pasul 1 | C9: Completează datele furnizorului în foaia 'Furnizori'. Bifează DA/NU la coloana PlatitorTVA.
B10: Pasul 2 | C10: Adaugă clienții în foaia 'Clienti' (CNP pentru persoane fizice, CIF pentru firme — cu RO dacă sunt plătitori TVA).
B11: Pasul 3 | C11: Scrie facturile în 'Facturi_Antet' și liniile în 'Linii_Facturi'. Sumele se calculează automat. Te așezi pe factura pe care vrei să o listezi
B12: Pasul 4 | C12: Apasă Alt+F8, alege 'Genereaza_eFactura_XML_Excel' și apasă 'Run'. Fișierele XML apar în subfolderul 'xml/'.
B14: Pentru factură de stornare:
B15: Tipul rămâne 380. Pe linie introduci CANTITATE NEGATIVĂ (ex: -10), prețul rămâne pozitiv. Sumele propagă semnul automat.
B17: După generare:
B18: Validează fiecare XML pe site-ul ANAF înainte de încărcare în SPV:
B19: https://www.anaf.ro/uploadxml/
B21: Important — limitări:
B22: • Aplicația generează doar fișierul XML. Trimiterea în SPV, semnătura electronică și obligația de înregistrare în Registrul RO e-Factura rămân în sarcina ta.
B23: • Pentru încărcarea în SPV este necesar certificat digital calificat — vezi documentația ANAF.
B24: • Aplicația suportă moneda RON, tip factură 380 (regulat și storno cu cantitate negativă) și cote TVA 0/5/11/21.
B26: Resurse:
B27: GitHub repository: | C27: <completează URL după push>
B28: Articol legislativ: | C28: <completează URL articol>

Sheet Furnizori
A1: RegistrationName | B1: CompanyID | C1: StreetName | D1: CityName | E1: PostalZone | F1: Country | G1: AdditionalStreetName | H1: CountrySubentity | I1: ContactPhone | J1: ContactEmail | K1: IBAN | L1: PaymentMeansCode | M1: RegistratioCompanyID | N1: CompanyLegalForm | O1: PlatitorTVA | P1: MotivScutire | Q1: BankName
A2: ION POPESCU PFA | B2: 12345678 | C2: STR. LIVEZILOR NR. 5 | D2: VALEA LUNGA | E2: 107480 | F2: RO | H2: RO-PH | I2: 0721234567 | J2: ion.popescu@example.com | M2: F29/123/2024 | O2: NU | P2: Entitatea nu este inregistrata in scopuri de TVA
A3: POPA SI FIII SRL | B3: RO12345679 | C3: STR. PRINCIPALA NR. 10 | D3: BUCURESTI | E3: 010101 | F3: RO | G3: PARTER | H3: RO-B | I3: 0731234567 | J3: office@popasrl.ro | K3: RO12RNCB1234567890123456 | L3: 42 | M3: J40/1234/2010 | N3: Capital social: 200 | O3: DA | Q3: BANCA COMERCIALA ROMANA

Sheet Clienti
A1: RegistrationName | B1: CompanyID | C1: StreetName | D1: CityName | E1: PostalZone | F1: Country | G1: AdditionalStreetName | H1: CountrySubentity | I1: ContactPhone | J1: ContactEmail | K1: ID
A2: BRUTARIA SAT SRL | B2: RO87654321 | C2: STR. MORII NR. 3 | D2: TARGOVISTE | E2: 130000 | F2: RO | H2: RO-DB | K2: 1
A3: ANCA RADU | B3: 2950101400123 | C3: STR. NUC NR. 7 | D3: PLOIESTI | E3: 100100 | F3: RO | H3: RO-PH | K3: 2
A4: ASOCIATIA RURAL ART | B4: 44556677 | C4: STR. SCOLII NR. 1 | D4: VALEA LUNGA | E4: 107480 | F4: RO | H4: RO-PH | K4: 3

Sheet Facturi_Antet
A1: SupplierID | B1: CustomerID | C1: InvoiceID | D1: IssueDate | E1: DueDate | F1: TaxPointDate | G1: InvoiceTypeCode | H1: DocumentCurrencyCode | I1: TaxCurrencyCode | J1: Note | K1: PayableAmount | L1: LineExtensionAmount | M1: TaxExclusiveAmount | N1: TaxInclusiveAmount | O1: AllowanceTotalAmount | P1: ChargeTotalAmount | Q1: VATAmount | R1: PaymentMeansCode | S1: CountLine | T1: ID
A2: 12345678 | B2: 2950101400123 | C2: F2026-001 | D2: 46152 | E2: 46152 | F2: 46152 | G2: 380 | H2: RON | I2: RON | J2: Vanzare produse agricole | K2: =N2 -> 250 | L2: =SUMIF(Linii_Facturi!A:A,C2,Linii_Facturi!I:I) -> 250 | M2: =L2 -> 250 | N2: =M2+Q2 -> 250 | O2: 0 | P2: 0 | Q2: =SUMIF(Linii_Facturi!A:A,C2,Linii_Facturi!M:M) -> 0 | S2: =COUNTIF(Linii_Facturi!A:A,C2) -> 1 | T2: 1
A3: 12345678 | B3: RO87654321 | C3: F2026-002 | D3: 46154 | E3: 46161 | F3: 46154 | G3: 380 | H3: RON | I3: RON | K3: =N3 -> 380 | L3: =SUMIF(Linii_Facturi!A:A,C3,Linii_Facturi!I:I) -> 380 | M3: =L3 -> 380 | N3: =M3+Q3 -> 380 | O3: 0 | P3: 0 | Q3: =SUMIF(Linii_Facturi!A:A,C3,Linii_Facturi!M:M) -> 0 | S3: =COUNTIF(Linii_Facturi!A:A,C3) -> 2 | T3: 2
A4: 12345678 | B4: 2950101400123 | C4: F2026-001S | D4: 46156 | E4: 46156 | F4: 46156 | G4: 380 | H4: RON | I4: RON | J4: Storno partial F2026-001 (returnare 10 kg) | K4: =N4 -> -50 | L4: =SUMIF(Linii_Facturi!A:A,C4,Linii_Facturi!I:I) -> -50 | M4: =L4 -> -50 | N4: =M4+Q4 -> -50 | O4: 0 | P4: 0 | Q4: =SUMIF(Linii_Facturi!A:A,C4,Linii_Facturi!M:M) -> 0 | S4: =COUNTIF(Linii_Facturi!A:A,C4) -> 1 | T4: 3

Sheet Linii_Facturi
A1: Invoice | B1: LineID | C1: InvoicedQuantity | D1: UnitCode | E1: Description | F1: Note | G1: PriceAmount | H1: Currency | I1: LineExtensionAmount | J1: TaxPercent | K1: TaxCategoryID | L1: TaxSchemeID | M1: VATAmount | N1: TaxInclusiveAmount
A2: F2026-001 | B2: 1 | C2: 50 | D2: KGM | E2: Baloti | G2: 5 | H2: RON | I2: =ROUND(C2*G2,2) -> 250 | J2: 0 | K2: O | L2: VAT | M2: =ROUND(I2*J2/100,2) -> 0 | N2: =I2+M2 -> 250
A3: F2026-002 | B3: 1 | C3: 100 | D3: KGM | E3: Cartofi | G3: 3 | H3: RON | I3: =ROUND(C3*G3,2) -> 300 | J3: 0 | K3: O | L3: VAT | M3: =ROUND(I3*J3/100,2) -> 0 | N3: =I3+M3 -> 300
A4: F2026-002 | B4: 2 | C4: 20 | D4: KGM | E4: Morcovi | G4: 4 | H4: RON | I4: =ROUND(C4*G4,2) -> 80 | J4: 0 | K4: O | L4: VAT | M4: =ROUND(I4*J4/100,2) -> 0 | N4: =I4+M4 -> 80
A5: F2026-001S | B5: 1 | C5: -10 | D5: KGM | E5: Baloti (returnare) | F5: Stornare partiala | G5: 5 | H5: RON | I5: =ROUND(C5*G5,2) -> -50 | J5: 0 | K5: O | L5: VAT | M5: =ROUND(I5*J5/100,2) -> 0 | N5: =I5+M5 -> -50
